ID,Status,Notes,Evidence
"CORE-01","Implemented / source verified","Backend consumes purchased quantities; success now force-refreshes instead of deleting full lines.","backend-deploy/tests/pdfAudit.integration.test.js; sale checkout/payment/returns suites; Checkout/Cart frontend regressions"
"CORE-02","Implemented / source verified","Production absent/invalid OTP mode fails to production; deliberate demo remains explicit.","review-notes/verification-summary.json; README.md; final test and build logs"
"CORE-03","Implemented / source verified","Both blueprints default production OTP and provide required secret/provider placeholders.","review-notes/verification-summary.json; README.md; final test and build logs"
"CORE-04","Implemented / source verified","README separates combined root/backend from standalone backend-deploy installation.","review-notes/verification-summary.json; README.md; final test and build logs"
"CORE-05","Production verification required","Persisted production DB, SMS, payment, storage and licence acceptance require the intended deployment.","review-notes/verification-summary.json; README.md; final test and build logs"
"CORE-06","Implemented / source verified","Identity remains backend-only; no credential content is reported or embedded into the browser build.","review-notes/verification-summary.json; README.md; final test and build logs"
"CORE-07","Implemented / source verified","Guest null-safe rental defaults have explicit regression coverage.","review-notes/verification-summary.json; README.md; final test and build logs"
"CORE-08","Implemented / source verified","Guest contact controls absent until verified sign-in; counter and authenticated controls retained.","review-notes/verification-summary.json; README.md; final test and build logs"
"CORE-09","Implemented / source verified","Shared stylesheet ordering centralized; strict CI build verified.","review-notes/verification-summary.json; README.md; final test and build logs"
"CORE-10","Production verification required","Blueprint URLs are explicit placeholders; set the actual API/frontend deployment values.","review-notes/verification-summary.json; README.md; final test and build logs"
"CORE-11","Implemented / source verified","Isolated test licence fixture preserves production fail-closed checks and separate licence tests.","review-notes/verification-summary.json; README.md; final test and build logs"
"CORE-12","Implemented / source verified","Real ignored backend mirror has 92 task files copied and hash-verified; no platform-only suite restored.","review-notes/verification-summary.json; README.md; final test and build logs"
"CUS-01","Implemented / source verified","Audit behavior implemented or already present; applicable final source/tests verified.","src/components/rentals/*.test.jsx; ProductDetail/QuickView/Wishlist/Login tests; isolated 390px/1440px browser QA"
"CUS-02","Implemented / source verified","Audit behavior implemented or already present; applicable final source/tests verified.","src/components/rentals/*.test.jsx; ProductDetail/QuickView/Wishlist/Login tests; isolated 390px/1440px browser QA"
"CUS-03","Implemented / source verified","Audit behavior implemented or already present; applicable final source/tests verified.","src/components/rentals/*.test.jsx; ProductDetail/QuickView/Wishlist/Login tests; isolated 390px/1440px browser QA"
"CUS-04","Implemented / source verified","Audit behavior implemented or already present; applicable final source/tests verified.","src/components/rentals/*.test.jsx; ProductDetail/QuickView/Wishlist/Login tests; isolated 390px/1440px browser QA"
"CUS-05","Implemented / source verified","Audit behavior implemented or already present; applicable final source/tests verified.","src/components/rentals/*.test.jsx; ProductDetail/QuickView/Wishlist/Login tests; isolated 390px/1440px browser QA"
"CUS-06","Implemented / source verified","Audit behavior implemented or already present; applicable final source/tests verified.","src/components/rentals/*.test.jsx; ProductDetail/QuickView/Wishlist/Login tests; isolated 390px/1440px browser QA"
"CUS-07","Implemented / source verified","Audit behavior implemented or already present; applicable final source/tests verified.","src/components/rentals/*.test.jsx; ProductDetail/QuickView/Wishlist/Login tests; isolated 390px/1440px browser QA"
"CUS-08","Implemented / source verified","Audit behavior implemented or already present; applicable final source/tests verified.","src/components/rentals/*.test.jsx; ProductDetail/QuickView/Wishlist/Login tests; isolated 390px/1440px browser QA"
"CUS-09","Implemented / source verified","Audit behavior implemented or already present; applicable final source/tests verified.","src/components/rentals/*.test.jsx; ProductDetail/QuickView/Wishlist/Login tests; isolated 390px/1440px browser QA"
"CUS-10","Implemented / source verified","Audit behavior implemented or already present; applicable final source/tests verified.","src/components/rentals/*.test.jsx; ProductDetail/QuickView/Wishlist/Login tests; isolated 390px/1440px browser QA"
"CUS-11","Implemented / source verified","Audit behavior implemented or already present; applicable final source/tests verified.","src/components/rentals/*.test.jsx; ProductDetail/QuickView/Wishlist/Login tests; isolated 390px/1440px browser QA"
"CUS-12","Implemented / source verified","Audit behavior implemented or already present; applicable final source/tests verified.","src/components/rentals/*.test.jsx; ProductDetail/QuickView/Wishlist/Login tests; isolated 390px/1440px browser QA"
"CUS-13","Implemented / source verified","Audit behavior implemented or already present; applicable final source/tests verified.","src/components/rentals/*.test.jsx; ProductDetail/QuickView/Wishlist/Login tests; isolated 390px/1440px browser QA"
"CUS-14","Implemented / source verified","Audit behavior implemented or already present; applicable final source/tests verified.","src/components/rentals/*.test.jsx; ProductDetail/QuickView/Wishlist/Login tests; isolated 390px/1440px browser QA"
"CUS-15","Implemented / source verified","Audit behavior implemented or already present; applicable final source/tests verified.","src/components/rentals/*.test.jsx; ProductDetail/QuickView/Wishlist/Login tests; isolated 390px/1440px browser QA"
"CUS-EX-01","Safeguard retained and checked","Existing safeguard retained; applicable source/tests checked. This is not exhaustive production or security certification.","src/components/rentals/*.test.jsx; ProductDetail/QuickView/Wishlist/Login tests; isolated 390px/1440px browser QA"
"CUS-EX-02","Safeguard retained and checked","Existing safeguard retained; applicable source/tests checked. This is not exhaustive production or security certification.","src/components/rentals/*.test.jsx; ProductDetail/QuickView/Wishlist/Login tests; isolated 390px/1440px browser QA"
"CUS-EX-03","Safeguard retained and checked","Existing safeguard retained; applicable source/tests checked. This is not exhaustive production or security certification.","src/components/rentals/*.test.jsx; ProductDetail/QuickView/Wishlist/Login tests; isolated 390px/1440px browser QA"
"CUS-EX-04","Safeguard retained and checked","Existing safeguard retained; applicable source/tests checked. This is not exhaustive production or security certification.","src/components/rentals/*.test.jsx; ProductDetail/QuickView/Wishlist/Login tests; isolated 390px/1440px browser QA"
"CUS-EX-05","Safeguard retained and checked","Existing safeguard retained; applicable source/tests checked. This is not exhaustive production or security certification.","src/components/rentals/*.test.jsx; ProductDetail/QuickView/Wishlist/Login tests; isolated 390px/1440px browser QA"
"CUS-EX-06","Safeguard retained and checked","Existing safeguard retained; applicable source/tests checked. This is not exhaustive production or security certification.","src/components/rentals/*.test.jsx; ProductDetail/QuickView/Wishlist/Login tests; isolated 390px/1440px browser QA"
"CUS-EX-07","Safeguard retained and checked","Existing safeguard retained; applicable source/tests checked. This is not exhaustive production or security certification.","src/components/rentals/*.test.jsx; ProductDetail/QuickView/Wishlist/Login tests; isolated 390px/1440px browser QA"
"CUS-EX-08","Safeguard retained and checked","Existing safeguard retained; applicable source/tests checked. This is not exhaustive production or security certification.","src/components/rentals/*.test.jsx; ProductDetail/QuickView/Wishlist/Login tests; isolated 390px/1440px browser QA"
"CUS-N1","Production verification required","Enter real prices, pieces, mode, fitting and policy for the shop.","src/components/rentals/*.test.jsx; ProductDetail/QuickView/Wishlist/Login tests; isolated 390px/1440px browser QA"
"CUS-N2","Production verification required","Run controlled provider payment/OTP and actual pickup/return/refund acceptance.","src/components/rentals/*.test.jsx; ProductDetail/QuickView/Wishlist/Login tests; isolated 390px/1440px browser QA"
"CUS-N3","Implemented / source verified","Customer booking uses progressive dates, items, authenticated contact and final review; compact review layout.","src/components/rentals/*.test.jsx; ProductDetail/QuickView/Wishlist/Login tests; isolated 390px/1440px browser QA"
"CUS-N4","Implemented / source verified","Customer lifecycle, request and payment outcomes have readable labels.","src/components/rentals/*.test.jsx; ProductDetail/QuickView/Wishlist/Login tests; isolated 390px/1440px browser QA"
"CUS-N5","Implemented / source verified","Only the active desktop/mobile product layout mounts.","src/components/rentals/*.test.jsx; ProductDetail/QuickView/Wishlist/Login tests; isolated 390px/1440px browser QA"
"CUS-N6","Implemented / source verified","Wishlist, product cards, quick view and custom product home cards expose direct rental navigation.","src/components/rentals/*.test.jsx; ProductDetail/QuickView/Wishlist/Login tests; isolated 390px/1440px browser QA"
"CUS-N7","Implemented / source verified","Owner-configured rental FAQs/policy are available on booking, contact and related policy pages; actual business choices still require merchant review.","src/components/rentals/*.test.jsx; ProductDetail/QuickView/Wishlist/Login tests; isolated 390px/1440px browser QA"
"CUS-N8","Implemented / source verified","Public bag/dates/event time recover in a boutique-scoped 24-hour session, including dates before item selection. Signed-in contact/address/instructions recover in an account-and-boutique-scoped private tab draft, cleared on explicit logout/account deletion/successful reservation. Prices/quote/terms acceptance are never restored; contacts and addresses stay out of URLs.","src/utils/rentalContactDraft.test.js; RentalBookingForm/RentalCatalogueBrowser/AuthContext.toast tests; review-notes/rental-recovery-visual-qa.json"
"CUS-N9","Implemented / source verified","Consent-aware rental CTA/date/quote/hold events and server-verified payment funnel are included.","src/components/rentals/*.test.jsx; ProductDetail/QuickView/Wishlist/Login tests; isolated 390px/1440px browser QA"
"CUS-N10","Implemented / source verified","Account, cart, wishlist, checkout, pending payments and sign-in redirects preserve explicit boutique scope.","src/components/rentals/*.test.jsx; ProductDetail/QuickView/Wishlist/Login tests; isolated 390px/1440px browser QA"
"ADM-01","Implemented / source verified","Audit behavior implemented or already present; applicable final source/tests verified.","Admin navigation, drafts, commercial grid, Smart Fill, grouping and rental setup tests"
"ADM-02","Implemented / source verified","Audit behavior implemented or already present; applicable final source/tests verified.","Admin navigation, drafts, commercial grid, Smart Fill, grouping and rental setup tests"
"ADM-03","Implemented / source verified","Audit behavior implemented or already present; applicable final source/tests verified.","Admin navigation, drafts, commercial grid, Smart Fill, grouping and rental setup tests"
"ADM-04","Implemented / source verified","Audit behavior implemented or already present; applicable final source/tests verified.","Admin navigation, drafts, commercial grid, Smart Fill, grouping and rental setup tests"
"ADM-05","Implemented / source verified","Audit behavior implemented or already present; applicable final source/tests verified.","Admin navigation, drafts, commercial grid, Smart Fill, grouping and rental setup tests"
"ADM-06","Implemented / source verified","Audit behavior implemented or already present; applicable final source/tests verified.","Admin navigation, drafts, commercial grid, Smart Fill, grouping and rental setup tests"
"ADM-07","Implemented / source verified","Audit behavior implemented or already present; applicable final source/tests verified.","Admin navigation, drafts, commercial grid, Smart Fill, grouping and rental setup tests"
"ADM-08","Implemented / source verified","Audit behavior implemented or already present; applicable final source/tests verified.","Admin navigation, drafts, commercial grid, Smart Fill, grouping and rental setup tests"
"ADM-09","Implemented / source verified","Audit behavior implemented or already present; applicable final source/tests verified.","Admin navigation, drafts, commercial grid, Smart Fill, grouping and rental setup tests"
"ADM-10","Implemented / source verified","Audit behavior implemented or already present; applicable final source/tests verified.","Admin navigation, drafts, commercial grid, Smart Fill, grouping and rental setup tests"
"ADM-11","Implemented / source verified","Audit behavior implemented or already present; applicable final source/tests verified.","Admin navigation, drafts, commercial grid, Smart Fill, grouping and rental setup tests"
"ADM-12","Implemented / source verified","Audit behavior implemented or already present; applicable final source/tests verified.","Admin navigation, drafts, commercial grid, Smart Fill, grouping and rental setup tests"
"ADM-13","Implemented / source verified","Audit behavior implemented or already present; applicable final source/tests verified.","Admin navigation, drafts, commercial grid, Smart Fill, grouping and rental setup tests"
"ADM-14","Implemented / source verified","Audit behavior implemented or already present; applicable final source/tests verified.","Admin navigation, drafts, commercial grid, Smart Fill, grouping and rental setup tests"
"ADM-15","Production verification required","Configure and activate real offers/pieces on transaction-capable MongoDB.","Admin navigation, drafts, commercial grid, Smart Fill, grouping and rental setup tests"
"ADM-16","Production verification required","Staff must verify fitting/measurements and operational slots/cleaning buffers.","Admin navigation, drafts, commercial grid, Smart Fill, grouping and rental setup tests"
"ADM-17","Production verification required","Configure provider/reminder delivery and perform a real shop lifecycle.","Admin navigation, drafts, commercial grid, Smart Fill, grouping and rental setup tests"
"ADM-18","Implemented / source verified","Per-product bulk commercial review supports mode, sale price/stock, rent and security; revision and partial-save protection retained.","Admin navigation, drafts, commercial grid, Smart Fill, grouping and rental setup tests"
"ADM-19","Implemented / source verified","Bounded not-bookable queue links setup reasons to the guided offer wizard.","Admin navigation, drafts, commercial grid, Smart Fill, grouping and rental setup tests"
"AI-01","Implemented / source verified","Audit behavior implemented or already present; applicable final source/tests verified.","Admin navigation, drafts, commercial grid, Smart Fill, grouping and rental setup tests"
"AI-02","Implemented / source verified","Audit behavior implemented or already present; applicable final source/tests verified.","Admin navigation, drafts, commercial grid, Smart Fill, grouping and rental setup tests"
"AI-03","Implemented / source verified","Audit behavior implemented or already present; applicable final source/tests verified.","Admin navigation, drafts, commercial grid, Smart Fill, grouping and rental setup tests"
"AI-04","Implemented / source verified","Audit behavior implemented or already present; applicable final source/tests verified.","Admin navigation, drafts, commercial grid, Smart Fill, grouping and rental setup tests"
"AI-05","Implemented / source verified","Audit behavior implemented or already present; applicable final source/tests verified.","Admin navigation, drafts, commercial grid, Smart Fill, grouping and rental setup tests"
"AI-06","Implemented / source verified","Audit behavior implemented or already present; applicable final source/tests verified.","Admin navigation, drafts, commercial grid, Smart Fill, grouping and rental setup tests"
"AI-07","Implemented / source verified","Audit behavior implemented or already present; applicable final source/tests verified.","Admin navigation, drafts, commercial grid, Smart Fill, grouping and rental setup tests"
"AI-08","Production verification required","Configure the backend Gemini key and permitted plan; real provider/quota acceptance remains.","Admin navigation, drafts, commercial grid, Smart Fill, grouping and rental setup tests"
"AI-09","Implemented / source verified","Audit behavior implemented or already present; applicable final source/tests verified.","Admin navigation, drafts, commercial grid, Smart Fill, grouping and rental setup tests"
"AI-10","Implemented / source verified","Audit behavior implemented or already present; applicable final source/tests verified.","Admin navigation, drafts, commercial grid, Smart Fill, grouping and rental setup tests"
"AI-11","Implemented / source verified","Audit behavior implemented or already present; applicable final source/tests verified.","Admin navigation, drafts, commercial grid, Smart Fill, grouping and rental setup tests"
"AI-12","Implemented / source verified","Audit behavior implemented or already present; applicable final source/tests verified.","backend-deploy/tests/photoCompression.unit.test.js; image/upload/analysis integration suites; src/utils/responsiveImages.test.js"
"AI-13","Implemented / source verified","Optional AI grouping proposes up to 30 photos; merchant approval preserves every original and does not create/publish drafts automatically.","Admin navigation, drafts, commercial grid, Smart Fill, grouping and rental setup tests"
"IMG-ADM-01","Implemented / source verified","Audit behavior implemented or already present; applicable final source/tests verified.","backend-deploy/tests/photoCompression.unit.test.js; image/upload/analysis integration suites; src/utils/responsiveImages.test.js"
"UX-KEY-01","Implemented / source verified","Audit behavior implemented or already present; applicable final source/tests verified.","src/hooks/useModalFocus.test.jsx; QuickView/SizeChart tests"
"BE-01","Implemented / source verified","Audit behavior implemented or already present; applicable final source/tests verified.","backend-deploy/tests/rentals*.test.js; rental setup/studio/details suites; pdfAudit.integration.test.js"
"BE-02","Implemented / source verified","Audit behavior implemented or already present; applicable final source/tests verified.","backend-deploy/tests/rentals*.test.js; rental setup/studio/details suites; pdfAudit.integration.test.js"
"BE-03","Implemented / source verified","Audit behavior implemented or already present; applicable final source/tests verified.","backend-deploy/tests/rentals*.test.js; rental setup/studio/details suites; pdfAudit.integration.test.js"
"BE-04","Implemented / source verified","Audit behavior implemented or already present; applicable final source/tests verified.","backend-deploy/tests/rentals*.test.js; rental setup/studio/details suites; pdfAudit.integration.test.js"
"BE-05","Implemented / source verified","Audit behavior implemented or already present; applicable final source/tests verified.","backend-deploy/tests/rentals*.test.js; rental setup/studio/details suites; pdfAudit.integration.test.js"
"BE-06","Implemented / source verified","Audit behavior implemented or already present; applicable final source/tests verified.","backend-deploy/tests/rentals*.test.js; rental setup/studio/details suites; pdfAudit.integration.test.js"
"BE-07","Implemented / source verified","Audit behavior implemented or already present; applicable final source/tests verified.","backend-deploy/tests/rentals*.test.js; rental setup/studio/details suites; pdfAudit.integration.test.js"
"BE-08","Implemented / source verified","Audit behavior implemented or already present; applicable final source/tests verified.","backend-deploy/tests/rentals*.test.js; rental setup/studio/details suites; pdfAudit.integration.test.js"
"BE-09","Implemented / source verified","Audit behavior implemented or already present; applicable final source/tests verified.","backend-deploy/tests/rentals*.test.js; rental setup/studio/details suites; pdfAudit.integration.test.js"
"BE-EX-01","Safeguard retained and checked","Existing safeguard retained; applicable source/tests checked. This is not exhaustive production or security certification.","backend-deploy/tests/rentals*.test.js; rental setup/studio/details suites; pdfAudit.integration.test.js"
"BE-EX-02","Safeguard retained and checked","Existing safeguard retained; applicable source/tests checked. This is not exhaustive production or security certification.","backend-deploy/tests/rentals*.test.js; rental setup/studio/details suites; pdfAudit.integration.test.js"
"BE-EX-03","Safeguard retained and checked","Existing safeguard retained; applicable source/tests checked. This is not exhaustive production or security certification.","backend-deploy/tests/rentals*.test.js; rental setup/studio/details suites; pdfAudit.integration.test.js"
"BE-EX-04","Safeguard retained and checked","Existing safeguard retained; applicable source/tests checked. This is not exhaustive production or security certification.","backend-deploy/tests/rentals*.test.js; rental setup/studio/details suites; pdfAudit.integration.test.js"
"BE-EX-05","Safeguard retained and checked","Existing safeguard retained; applicable source/tests checked. This is not exhaustive production or security certification.","backend-deploy/tests/rentals*.test.js; rental setup/studio/details suites; pdfAudit.integration.test.js"
"BE-EX-06","Safeguard retained and checked","Existing safeguard retained; applicable source/tests checked. This is not exhaustive production or security certification.","backend-deploy/tests/rentals*.test.js; rental setup/studio/details suites; pdfAudit.integration.test.js"
"BE-EX-07","Safeguard retained and checked","Existing safeguard retained; applicable source/tests checked. This is not exhaustive production or security certification.","backend-deploy/tests/rentals*.test.js; rental setup/studio/details suites; pdfAudit.integration.test.js"
"BE-EX-08","Safeguard retained and checked","Existing safeguard retained; applicable source/tests checked. This is not exhaustive production or security certification.","backend-deploy/tests/rentals*.test.js; rental setup/studio/details suites; pdfAudit.integration.test.js"
"BE-EX-09","Safeguard retained and checked","Existing safeguard retained; applicable source/tests checked. This is not exhaustive production or security certification.","backend-deploy/tests/rentals*.test.js; rental setup/studio/details suites; pdfAudit.integration.test.js"
"BE-EX-10","Safeguard retained and checked","Existing safeguard retained; applicable source/tests checked. This is not exhaustive production or security certification.","backend-deploy/tests/rentals*.test.js; rental setup/studio/details suites; pdfAudit.integration.test.js"
"BE-EX-11","Safeguard retained and checked","Existing safeguard retained; applicable source/tests checked. This is not exhaustive production or security certification.","backend-deploy/tests/rentals*.test.js; rental setup/studio/details suites; pdfAudit.integration.test.js"
"BE-EX-12","Safeguard retained and checked","Existing safeguard retained; applicable source/tests checked. This is not exhaustive production or security certification.","backend-deploy/tests/rentals*.test.js; rental setup/studio/details suites; pdfAudit.integration.test.js"
"BE-EX-13","Safeguard retained and checked","Existing safeguard retained; applicable source/tests checked. This is not exhaustive production or security certification.","backend-deploy/tests/rentals*.test.js; rental setup/studio/details suites; pdfAudit.integration.test.js"
"BE-EX-14","Safeguard retained and checked","Existing safeguard retained; applicable source/tests checked. This is not exhaustive production or security certification.","backend-deploy/tests/rentals*.test.js; rental setup/studio/details suites; pdfAudit.integration.test.js"
"BE-EX-15","Safeguard retained and checked","Existing safeguard retained; applicable source/tests checked. This is not exhaustive production or security certification.","backend-deploy/tests/rentals*.test.js; rental setup/studio/details suites; pdfAudit.integration.test.js"
"BE-EX-16","Safeguard retained and checked","Existing safeguard retained; applicable source/tests checked. This is not exhaustive production or security certification.","backend-deploy/tests/rentals*.test.js; rental setup/studio/details suites; pdfAudit.integration.test.js"
"BE-EX-17","Safeguard retained and checked","Existing safeguard retained; applicable source/tests checked. This is not exhaustive production or security certification.","backend-deploy/tests/rentals*.test.js; rental setup/studio/details suites; pdfAudit.integration.test.js"
"BE-EX-18","Safeguard retained and checked","Existing safeguard retained; applicable source/tests checked. This is not exhaustive production or security certification.","backend-deploy/tests/rentals*.test.js; rental setup/studio/details suites; pdfAudit.integration.test.js"
"BE-EX-19","Safeguard retained and checked","Existing safeguard retained; applicable source/tests checked. This is not exhaustive production or security certification.","backend-deploy/tests/rentals*.test.js; rental setup/studio/details suites; pdfAudit.integration.test.js"
"BE-EX-20","Safeguard retained and checked","Existing safeguard retained; applicable source/tests checked. This is not exhaustive production or security certification.","backend-deploy/tests/rentals*.test.js; rental setup/studio/details suites; pdfAudit.integration.test.js"
"BE-EX-21","Safeguard retained and checked","Existing safeguard retained; applicable source/tests checked. This is not exhaustive production or security certification.","backend-deploy/tests/rentals*.test.js; rental setup/studio/details suites; pdfAudit.integration.test.js"
"BE-EX-22","Safeguard retained and checked","Existing safeguard retained; applicable source/tests checked. This is not exhaustive production or security certification.","backend-deploy/tests/rentals*.test.js; rental setup/studio/details suites; pdfAudit.integration.test.js"
"BE-SETUP-01","Implemented / source verified","Audit behavior implemented or already present; applicable final source/tests verified.","backend-deploy/tests/rentals*.test.js; rental setup/studio/details suites; pdfAudit.integration.test.js"
"BE-SETUP-02","Production verification required","Real rates, deposits and matching physical pieces must be entered by staff.","backend-deploy/tests/rentals*.test.js; rental setup/studio/details suites; pdfAudit.integration.test.js"
"BE-SETUP-03","Production verification required","Verify intended payment mode, keys, webhooks and real recovery/refund.","backend-deploy/tests/rentals*.test.js; rental setup/studio/details suites; pdfAudit.integration.test.js"
"BE-SETUP-04","Production verification required","Keep actual managed licence credentials and transaction-capable database active.","backend-deploy/tests/rentals*.test.js; rental setup/studio/details suites; pdfAudit.integration.test.js"
"BE-SETUP-05","Implemented / source verified","Audit behavior implemented or already present; applicable final source/tests verified.","backend-deploy/tests/rentals*.test.js; rental setup/studio/details suites; pdfAudit.integration.test.js"
"BE-SETUP-06","Implemented / source verified","Audit behavior implemented or already present; applicable final source/tests verified.","backend-deploy/tests/rentals*.test.js; rental setup/studio/details suites; pdfAudit.integration.test.js"
"BE-SETUP-07","Implemented / source verified","Audit behavior implemented or already present; applicable final source/tests verified.","backend-deploy/tests/rentals*.test.js; rental setup/studio/details suites; pdfAudit.integration.test.js"
"BE-SETUP-08","Implemented / source verified","Audit behavior implemented or already present; applicable final source/tests verified.","backend-deploy/tests/rentals*.test.js; rental setup/studio/details suites; pdfAudit.integration.test.js"
"BE-SETUP-09","Conditional next phase","Catalogue/query bounds and serialized image work are retained. A caching policy and a measured large-catalogue query/latency budget require representative production data; not implemented as a blind cache.","backend-deploy/tests/rentals*.test.js; rental setup/studio/details suites; pdfAudit.integration.test.js"
"BE-SETUP-10","Production verification required","Assign staff ownership for payments, expiry, overdue returns, inspection and settlement.","backend-deploy/tests/rentals*.test.js; rental setup/studio/details suites; pdfAudit.integration.test.js"
"CROSS-01","Implemented / source verified","Audit behavior implemented or already present; applicable final source/tests verified.","backend-deploy/tests/pdfAudit.integration.test.js; sale checkout/payment/returns suites; Checkout/Cart frontend regressions"
"CROSS-02","Implemented / source verified","Audit behavior implemented or already present; applicable final source/tests verified.","backend-deploy/tests/pdfAudit.integration.test.js; sale checkout/payment/returns suites; Checkout/Cart frontend regressions"
"CROSS-03","Implemented / source verified","Audit behavior implemented or already present; applicable final source/tests verified.","backend-deploy/tests/pdfAudit.integration.test.js; sale checkout/payment/returns suites; Checkout/Cart frontend regressions"
"CROSS-04","Implemented / source verified","Audit behavior implemented or already present; applicable final source/tests verified.","backend-deploy/tests/pdfAudit.integration.test.js; sale checkout/payment/returns suites; Checkout/Cart frontend regressions"
"CROSS-05","Implemented / source verified","New packing/return evidence is private GridFS with authorized retrieval; legacy dry-run/apply/purge migration delivered, not run in production.","backend-deploy/tests/pdfAudit.integration.test.js; sale checkout/payment/returns suites; Checkout/Cart frontend regressions"
"CROSS-06","Implemented / source verified","Audit behavior implemented or already present; applicable final source/tests verified.","backend-deploy/tests/pdfAudit.integration.test.js; sale checkout/payment/returns suites; Checkout/Cart frontend regressions"
"CROSS-07","Implemented / source verified","Audit behavior implemented or already present; applicable final source/tests verified.","backend-deploy/tests/pdfAudit.integration.test.js; sale checkout/payment/returns suites; Checkout/Cart frontend regressions"
"CROSS-08","Implemented / source verified","Fixed universal 5–7-day delivery promise removed; render quoted carrier timing or shop-confirmation text.","backend-deploy/tests/pdfAudit.integration.test.js; sale checkout/payment/returns suites; Checkout/Cart frontend regressions"
"CROSS-09","Implemented / source verified","Public legacy response default bounded at 24, explicit limit honored; paged public catalogue and complete staff/export workflows preserved.","backend-deploy/tests/pdfAudit.integration.test.js; sale checkout/payment/returns suites; Checkout/Cart frontend regressions"
"CROSS-EX-01","Safeguard retained and checked","Existing safeguard retained; applicable source/tests checked. This is not exhaustive production or security certification.","backend-deploy/tests/pdfAudit.integration.test.js; sale checkout/payment/returns suites; Checkout/Cart frontend regressions"
"CROSS-EX-02","Safeguard retained and checked","Existing safeguard retained; applicable source/tests checked. This is not exhaustive production or security certification.","backend-deploy/tests/pdfAudit.integration.test.js; sale checkout/payment/returns suites; Checkout/Cart frontend regressions"
"CROSS-EX-03","Safeguard retained and checked","Existing safeguard retained; applicable source/tests checked. This is not exhaustive production or security certification.","backend-deploy/tests/pdfAudit.integration.test.js; sale checkout/payment/returns suites; Checkout/Cart frontend regressions"
"CROSS-EX-04","Safeguard retained and checked","Existing safeguard retained; applicable source/tests checked. This is not exhaustive production or security certification.","backend-deploy/tests/pdfAudit.integration.test.js; sale checkout/payment/returns suites; Checkout/Cart frontend regressions"
"CROSS-EX-05","Safeguard retained and checked","Existing safeguard retained; applicable source/tests checked. This is not exhaustive production or security certification.","backend-deploy/tests/pdfAudit.integration.test.js; sale checkout/payment/returns suites; Checkout/Cart frontend regressions"
"CROSS-EX-06","Safeguard retained and checked","Existing safeguard retained; applicable source/tests checked. This is not exhaustive production or security certification.","backend-deploy/tests/pdfAudit.integration.test.js; sale checkout/payment/returns suites; Checkout/Cart frontend regressions"
"CROSS-EX-07","Safeguard retained and checked","Existing safeguard retained; applicable source/tests checked. This is not exhaustive production or security certification.","backend-deploy/tests/pdfAudit.integration.test.js; sale checkout/payment/returns suites; Checkout/Cart frontend regressions"
"CROSS-EX-08","Safeguard retained and checked","Existing safeguard retained; applicable source/tests checked. This is not exhaustive production or security certification.","backend-deploy/tests/pdfAudit.integration.test.js; sale checkout/payment/returns suites; Checkout/Cart frontend regressions"
"CROSS-EX-09","Safeguard retained and checked","Existing safeguard retained; applicable source/tests checked. This is not exhaustive production or security certification.","backend-deploy/tests/pdfAudit.integration.test.js; sale checkout/payment/returns suites; Checkout/Cart frontend regressions"
"CROSS-EX-10","Safeguard retained and checked","Existing safeguard retained; applicable source/tests checked. This is not exhaustive production or security certification.","backend-deploy/tests/pdfAudit.integration.test.js; sale checkout/payment/returns suites; Checkout/Cart frontend regressions"
"CROSS-EX-11","Safeguard retained and checked","Existing safeguard retained; applicable source/tests checked. This is not exhaustive production or security certification.","backend-deploy/tests/pdfAudit.integration.test.js; sale checkout/payment/returns suites; Checkout/Cart frontend regressions"
"CROSS-EX-12","Safeguard retained and checked","Existing safeguard retained; applicable source/tests checked. This is not exhaustive production or security certification.","backend-deploy/tests/pdfAudit.integration.test.js; sale checkout/payment/returns suites; Checkout/Cart frontend regressions"
"CROSS-EX-13","Safeguard retained and checked","Existing safeguard retained; applicable source/tests checked. This is not exhaustive production or security certification.","backend-deploy/tests/pdfAudit.integration.test.js; sale checkout/payment/returns suites; Checkout/Cart frontend regressions"
"CROSS-EX-14","Safeguard retained and checked","Existing safeguard retained; applicable source/tests checked. This is not exhaustive production or security certification.","backend-deploy/tests/pdfAudit.integration.test.js; sale checkout/payment/returns suites; Checkout/Cart frontend regressions"
"IMG-01","Implemented / source verified","Audit behavior implemented or already present; applicable final source/tests verified.","backend-deploy/tests/photoCompression.unit.test.js; image/upload/analysis integration suites; src/utils/responsiveImages.test.js"
"IMG-02","Implemented / source verified","Audit behavior implemented or already present; applicable final source/tests verified.","backend-deploy/tests/photoCompression.unit.test.js; image/upload/analysis integration suites; src/utils/responsiveImages.test.js"
"IMG-03","Implemented / source verified","Audit behavior implemented or already present; applicable final source/tests verified.","backend-deploy/tests/photoCompression.unit.test.js; image/upload/analysis integration suites; src/utils/responsiveImages.test.js"
"IMG-04","Implemented / source verified","Audit behavior implemented or already present; applicable final source/tests verified.","backend-deploy/tests/photoCompression.unit.test.js; image/upload/analysis integration suites; src/utils/responsiveImages.test.js"
"IMG-05","Implemented / source verified","Audit behavior implemented or already present; applicable final source/tests verified.","backend-deploy/tests/photoCompression.unit.test.js; image/upload/analysis integration suites; src/utils/responsiveImages.test.js"
"IMG-06","Implemented / source verified","Audit behavior implemented or already present; applicable final source/tests verified.","backend-deploy/tests/photoCompression.unit.test.js; image/upload/analysis integration suites; src/utils/responsiveImages.test.js"
"IMG-07","Implemented / source verified","Audit behavior implemented or already present; applicable final source/tests verified.","backend-deploy/tests/photoCompression.unit.test.js; image/upload/analysis integration suites; src/utils/responsiveImages.test.js"
"IMG-08","Implemented / source verified","Audit behavior implemented or already present; applicable final source/tests verified.","backend-deploy/tests/photoCompression.unit.test.js; image/upload/analysis integration suites; src/utils/responsiveImages.test.js"
"IMG-09","Implemented / source verified","Audit behavior implemented or already present; applicable final source/tests verified.","backend-deploy/tests/photoCompression.unit.test.js; image/upload/analysis integration suites; src/utils/responsiveImages.test.js"
"IMG-BENCH-01","Historical measurement: not re-certified","PDF logo measurement is historical evidence, not a benchmark of real product photos from this work.","backend-deploy/tests/photoCompression.unit.test.js; image/upload/analysis integration suites; src/utils/responsiveImages.test.js"
"IMG-BENCH-02","Historical measurement: not re-certified","PDF logo measurement is historical evidence, not a benchmark of real product photos from this work.","backend-deploy/tests/photoCompression.unit.test.js; image/upload/analysis integration suites; src/utils/responsiveImages.test.js"
"IMG-BENCH-03","Historical measurement: not re-certified","PDF logo measurement is historical evidence, not a benchmark of real product photos from this work.","backend-deploy/tests/photoCompression.unit.test.js; image/upload/analysis integration suites; src/utils/responsiveImages.test.js"
"IMG-N01","Implemented / source verified","Master plus lossless 320/640/1200/2000 display derivatives, metadata and srcset/sizes are used; original-resolution zoom remains available. Existing photos require re-upload for new derivatives.","backend-deploy/tests/photoCompression.unit.test.js; image/upload/analysis integration suites; src/utils/responsiveImages.test.js"
"IMG-N02","Production verification required","Previously downscaled photos need original re-upload; source cannot recover missing detail.","backend-deploy/tests/photoCompression.unit.test.js; image/upload/analysis integration suites; src/utils/responsiveImages.test.js"
"IMG-N03","Production verification required","50 MP guard, serial photo optimization and bounded staging are implemented; benchmark real shop batches on hosting RAM/CPU.","backend-deploy/tests/photoCompression.unit.test.js; image/upload/analysis integration suites; src/utils/responsiveImages.test.js"
"IMG-N04","Implemented / source verified","Streaming aggregate 60 MB enforcement rejects oversized multipart batches and cleans disk staging.","backend-deploy/tests/photoCompression.unit.test.js; image/upload/analysis integration suites; src/utils/responsiveImages.test.js"
"IMG-N05","Implemented / source verified","Full-resolution original/source handling is retained separately from background/video previews and bounded AI copies.","backend-deploy/tests/photoCompression.unit.test.js; image/upload/analysis integration suites; src/utils/responsiveImages.test.js"
"IMG-N06","Implemented / source verified","Private evidence budgets are explicit; new sale evidence uses chunked private storage and access-controlled retrieval rather than public media.","backend-deploy/tests/photoCompression.unit.test.js; image/upload/analysis integration suites; src/utils/responsiveImages.test.js"
"IMG-N07","Conditional next phase","JPG/PNG/WebP are validated and supported. HEIC conversion is not added without a tested decoder/browser compatibility requirement.","backend-deploy/tests/photoCompression.unit.test.js; image/upload/analysis integration suites; src/utils/responsiveImages.test.js"
"IMG-N08","Conditional next phase","Original browser bytes are preserved and API uploads are bounded. Direct signed object-storage uploads remain an optional infrastructure change requiring the target provider and signed upload policy.","backend-deploy/tests/photoCompression.unit.test.js; image/upload/analysis integration suites; src/utils/responsiveImages.test.js"
"IMG-N09","Implemented / source verified","Packing and return evidence is private. Customer review photos remain intentionally public; historic evidence requires reviewed migration.","backend-deploy/tests/photoCompression.unit.test.js; image/upload/analysis integration suites; src/utils/responsiveImages.test.js"
"IMG-N10","Production verification required","10–20 actual bridal/jewellery originals and target hosting metrics were not supplied.","backend-deploy/tests/photoCompression.unit.test.js; image/upload/analysis integration suites; src/utils/responsiveImages.test.js"
"BASE-BE-01","Implemented / source verified","Audit behavior implemented or already present; applicable final source/tests verified.","backend-deploy/tests/accessFixtures.js; release3.test.js; campaigns/customerCrm/leftovers/subscription suites"
"BASE-BE-02","Implemented / source verified","Audit behavior implemented or already present; applicable final source/tests verified.","backend-deploy/tests/accessFixtures.js; release3.test.js; campaigns/customerCrm/leftovers/subscription suites"
"BASE-BE-03","Implemented / source verified","Audit behavior implemented or already present; applicable final source/tests verified.","backend-deploy/tests/accessFixtures.js; release3.test.js; campaigns/customerCrm/leftovers/subscription suites"
"BASE-BE-04","Implemented / source verified","Audit behavior implemented or already present; applicable final source/tests verified.","backend-deploy/tests/accessFixtures.js; release3.test.js; campaigns/customerCrm/leftovers/subscription suites"
"BASE-BE-05","Implemented / source verified","Audit behavior implemented or already present; applicable final source/tests verified.","backend-deploy/tests/accessFixtures.js; release3.test.js; campaigns/customerCrm/leftovers/subscription suites"
"BASE-BE-06","Implemented / source verified","Audit behavior implemented or already present; applicable final source/tests verified.","backend-deploy/tests/accessFixtures.js; release3.test.js; campaigns/customerCrm/leftovers/subscription suites"
"BASE-BE-07","Implemented / source verified","Audit behavior implemented or already present; applicable final source/tests verified.","backend-deploy/tests/accessFixtures.js; release3.test.js; campaigns/customerCrm/leftovers/subscription suites"
"BASE-BE-08","Implemented / source verified","Audit behavior implemented or already present; applicable final source/tests verified.","backend-deploy/tests/accessFixtures.js; release3.test.js; campaigns/customerCrm/leftovers/subscription suites"
"BASE-BE-09","Implemented / source verified","Audit behavior implemented or already present; applicable final source/tests verified.","backend-deploy/tests/accessFixtures.js; release3.test.js; campaigns/customerCrm/leftovers/subscription suites"
"BASE-BE-10","Implemented / source verified","Audit behavior implemented or already present; applicable final source/tests verified.","backend-deploy/tests/accessFixtures.js; release3.test.js; campaigns/customerCrm/leftovers/subscription suites"
"BASE-BE-11","Implemented / source verified","Audit behavior implemented or already present; applicable final source/tests verified.","backend-deploy/tests/accessFixtures.js; release3.test.js; campaigns/customerCrm/leftovers/subscription suites"
"BASE-BE-12","Implemented / source verified","Audit behavior implemented or already present; applicable final source/tests verified.","backend-deploy/tests/accessFixtures.js; release3.test.js; campaigns/customerCrm/leftovers/subscription suites"
"BASE-BE-13","Implemented / source verified","Audit behavior implemented or already present; applicable final source/tests verified.","backend-deploy/tests/accessFixtures.js; release3.test.js; campaigns/customerCrm/leftovers/subscription suites"
"BASE-BE-14","Implemented / source verified","Audit behavior implemented or already present; applicable final source/tests verified.","backend-deploy/tests/accessFixtures.js; release3.test.js; campaigns/customerCrm/leftovers/subscription suites"
"BASE-BE-15","Implemented / source verified","Audit behavior implemented or already present; applicable final source/tests verified.","backend-deploy/tests/accessFixtures.js; release3.test.js; campaigns/customerCrm/leftovers/subscription suites"
"BASE-BE-16","Implemented / source verified","Audit behavior implemented or already present; applicable final source/tests verified.","backend-deploy/tests/accessFixtures.js; release3.test.js; campaigns/customerCrm/leftovers/subscription suites"
"BASE-BE-17","Implemented / source verified","Audit behavior implemented or already present; applicable final source/tests verified.","backend-deploy/tests/accessFixtures.js; release3.test.js; campaigns/customerCrm/leftovers/subscription suites"
"BASE-BE-18","Implemented / source verified","Audit behavior implemented or already present; applicable final source/tests verified.","backend-deploy/tests/accessFixtures.js; release3.test.js; campaigns/customerCrm/leftovers/subscription suites"
"BASE-FE-01","Implemented / source verified","Audit behavior implemented or already present; applicable final source/tests verified.","receiptData/printReceipt/SocialProductImport tests; explicit platform test exclusion"
"BASE-FE-02","Implemented / source verified","Audit behavior implemented or already present; applicable final source/tests verified.","receiptData/printReceipt/SocialProductImport tests; explicit platform test exclusion"
"BASE-FE-03","Implemented / source verified","Audit behavior implemented or already present; applicable final source/tests verified.","receiptData/printReceipt/SocialProductImport tests; explicit platform test exclusion"
"BASE-FE-04","Platform-owned: explicitly excluded","Platform-only ClientInstallations suite remains present and is explicitly excluded because its implementation/APIs belong to the platform application.","receiptData/printReceipt/SocialProductImport tests; explicit platform test exclusion"
"LIVE-01","Production verification required","Verify actual production SMS delivery, resend, expiry and staff access.","review-notes/verification-summary.json; README.md; final test and build logs"
"LIVE-02","Production verification required","Configure and verify a real managed installation without disabling licensing.","review-notes/verification-summary.json; README.md; final test and build logs"
"LIVE-03","Production verification required","Inspect hosted replica-set/sharded transactions and tenant indexes.","review-notes/verification-summary.json; README.md; final test and build logs"
"LIVE-04","Production verification required","Verify persistent media after service restart; execute reviewed legacy private-evidence migration if needed.","review-notes/verification-summary.json; README.md; final test and build logs"
"LIVE-05","Production verification required","Exercise real capture, failure, duplicate webhook, reconciliation and refund in intended payment mode.","review-notes/verification-summary.json; README.md; final test and build logs"
"LIVE-06","Production verification required","Run a real physical-piece lifecycle with responsible staff.","review-notes/verification-summary.json; README.md; final test and build logs"
"LIVE-07","Production verification required","Enter and approve actual merchant policies/contact/fitting/refund terms.","review-notes/verification-summary.json; README.md; final test and build logs"
"BASE-N01","Implemented / source verified","Generated client remains without provisioning/master lifecycle endpoints; 404/no-mutation regression verifies that boundary.","review-notes/verification-summary.json; README.md; final test and build logs"
"BASE-N02","Implemented / source verified","Fixtures create already-provisioned tenant/membership records; authentic client guards and tenant assertions now run.","backend-deploy/tests/accessFixtures.js; release3.test.js; campaigns/customerCrm/leftovers/subscription suites"
"BASE-N03","Implemented / source verified","One final complete frontend and backend run is authoritative; scoped reruns are not added to totals.","review-notes/verification-summary.json; README.md; final test and build logs"
"QA-FINAL-01","Implemented / source verified","Node 20.20.2 full runs, strict CI build and 390/1440px guest flow; production providers not certified.","review-notes/verification-summary.json; README.md; final test and build logs"

